slug,title,mtime,n_annotations,n_formalized,n_partial,n_not_formalized,formalization_rate,coverage_rate,n_definition,n_proposition,n_theorem,n_example,n_distinct_modules
Addition,Addition,2026-05-22T03:02:49+00:00,18,0,3,15,0.0,0.167,0,0,0,0,1
Affine_space,Affine_space,2026-05-22T03:02:49+00:00,1,0,0,1,0.0,0.0,0,0,0,0,0
Algebra,Algebra,2026-05-22T03:02:50+00:00,5,0,0,5,0.0,0.0,0,0,0,0,0
Algebraic_curve,Algebraic_curve,2026-05-22T03:02:50+00:00,30,1,1,28,0.033,0.067,0,0,0,0,1
Analytic_geometry,Analytic_geometry,2026-05-22T03:02:50+00:00,36,0,3,33,0.0,0.083,0,0,0,0,1
Analytic_number_theory,Analytic_number_theory,2026-05-22T03:02:50+00:00,6,0,1,5,0.0,0.167,0,0,0,0,1
Arc_length,Arc_length,2026-05-22T03:02:50+00:00,15,0,6,9,0.0,0.4,0,0,0,0,1
Area,Area,2026-05-22T03:02:50+00:00,13,0,4,9,0.0,0.308,0,0,0,0,2
Axiom_of_choice,Axiom_of_choice,2026-05-22T03:02:50+00:00,4,1,2,1,0.25,0.75,0,0,0,0,2
Banach_space,Banach_space,2026-05-22T03:02:50+00:00,61,0,1,60,0.0,0.016,0,0,0,0,1
Bayesian_inference,Bayesian_inference,2026-05-22T03:02:50+00:00,20,3,6,11,0.15,0.45,0,0,0,0,3
Binary_number,Binary_number,2026-05-22T03:02:50+00:00,3,0,0,3,0.0,0.0,0,0,0,0,0
Binomial_series,Binomial_series,2026-05-22T03:02:50+00:00,2,0,0,2,0.0,0.0,0,0,0,0,0
Cantors_theorem,Cantors_theorem,2026-05-22T03:02:50+00:00,2,1,0,1,0.5,0.5,0,0,0,0,1
Cardinal_number,Cardinal_number,2026-05-22T03:02:50+00:00,2,1,1,0,0.5,1.0,0,0,0,0,2
Cartesian_coordinate_system,Cartesian_coordinate_system,2026-05-22T03:02:51+00:00,23,0,5,18,0.0,0.217,0,0,0,0,3
Cauchy-Schwarz_inequality,Cauchy-Schwarz_inequality,2026-05-22T03:02:51+00:00,34,1,10,23,0.029,0.324,0,0,0,0,2
Cauchy_sequence,Cauchy_sequence,2026-05-22T03:02:51+00:00,7,1,1,5,0.143,0.286,0,0,0,0,1
Cauchys_integral_formula,Cauchys_integral_formula,2026-05-22T03:02:51+00:00,39,4,1,34,0.103,0.128,0,0,0,0,1
Central_limit_theorem,Central_limit_theorem,2026-05-22T03:02:51+00:00,57,3,3,51,0.053,0.105,0,0,0,0,1
Chebyshevs_inequality,Chebyshevs_inequality,2026-05-22T03:02:51+00:00,10,0,0,10,0.0,0.0,0,0,0,0,0
Classification_of_finite_simple_groups,Classification_of_finite_simple_groups,2026-05-22T03:02:51+00:00,1,0,0,1,0.0,0.0,0,0,0,0,0
Clifford_algebra,Clifford_algebra,2026-05-22T03:02:51+00:00,68,5,5,58,0.074,0.147,0,0,0,0,1
Closed_graph_theorem_functional_analysis,Closed_graph_theorem_functional_analysis,2026-05-22T03:02:51+00:00,11,1,1,9,0.091,0.182,0,0,0,0,1
Cofinality,Cofinality,2026-05-22T03:02:51+00:00,6,0,1,5,0.0,0.167,0,0,0,0,1
Combination,Combination,2026-05-22T03:02:51+00:00,25,2,9,14,0.08,0.44,0,0,0,0,1
Commutative_algebra,Commutative_algebra,2026-05-22T03:02:51+00:00,1,0,0,1,0.0,0.0,0,0,0,0,0
Commutative_property,Commutative_property,2026-05-22T03:02:51+00:00,5,2,0,3,0.4,0.4,0,0,0,0,1
Commutative_ring,Commutative_ring,2026-05-22T03:02:51+00:00,13,1,0,12,0.077,0.077,0,0,0,0,1
Compact_space,Compact_space,2026-05-22T03:02:51+00:00,5,0,4,1,0.0,0.8,0,0,0,0,1
Complex_number,Complex_number,2026-05-22T03:02:51+00:00,47,1,4,42,0.021,0.106,0,0,0,0,2
Complex_plane,Complex_plane,2026-05-22T03:02:51+00:00,16,1,4,11,0.062,0.312,0,0,0,0,2
Conjugacy_class,Conjugacy_class,2026-05-22T03:02:52+00:00,8,2,2,4,0.25,0.5,0,0,0,0,2
Connected_space,Connected_space,2026-05-22T03:02:52+00:00,2,0,1,1,0.0,0.5,0,0,0,0,1
Continuous_function,Continuous_function,2026-05-22T03:02:52+00:00,44,2,6,36,0.045,0.182,0,0,0,0,2
Convergence_of_random_variables,Convergence_of_random_variables,2026-05-22T03:02:52+00:00,9,0,3,6,0.0,0.333,0,0,0,0,0
Correlation,Correlation,2026-05-22T03:02:52+00:00,4,0,2,2,0.0,0.5,0,0,0,0,1
Covariance_and_contravariance_of_vectors,Covariance_and_contravariance_of_vectors,2026-05-22T03:02:52+00:00,56,0,6,50,0.0,0.107,0,0,0,0,2
Covering_space,Covering_space,2026-05-22T03:02:52+00:00,3,0,0,3,0.0,0.0,0,0,0,0,0
Cube,Cube,2026-05-22T03:02:52+00:00,5,0,1,4,0.0,0.2,0,0,0,0,1
Cyclic_group,Cyclic_group,2026-05-22T03:02:52+00:00,1,0,0,1,0.0,0.0,0,0,0,0,0
Derivative,Derivative,2026-05-22T03:02:52+00:00,15,3,6,6,0.2,0.6,0,0,0,0,2
Determinant,Determinant,2026-05-22T03:02:52+00:00,10,0,0,10,0.0,0.0,0,0,0,0,0
Differentiable_manifold,Differentiable_manifold,2026-05-22T03:02:52+00:00,17,0,1,16,0.0,0.059,0,0,0,0,1
Discrete_Fourier_transform,Discrete_Fourier_transform,2026-05-22T03:02:52+00:00,3,0,1,2,0.0,0.333,0,0,0,0,1
Dynamical_system,Dynamical_system,2026-05-22T03:02:52+00:00,31,6,5,20,0.194,0.355,0,0,0,0,1
E_mathematical_constant,E_mathematical_constant,2026-05-22T03:02:52+00:00,31,2,5,24,0.065,0.226,0,0,0,0,2
Eigenvalues_and_eigenvectors,Eigenvalues_and_eigenvectors,2026-05-22T03:02:53+00:00,75,6,6,63,0.08,0.16,0,0,0,0,1
Entropy,Entropy,2026-05-22T03:02:53+00:00,35,0,6,29,0.0,0.171,0,0,0,0,1
Equivalence_relation,Equivalence_relation,2026-05-22T03:02:53+00:00,2,0,0,2,0.0,0.0,0,0,0,0,0
Euclidean_distance,Euclidean_distance,2026-05-22T03:02:53+00:00,11,1,6,4,0.091,0.636,0,0,0,0,1
Euclidean_planes_in_three-dimensional_space,Euclidean_planes_in_three-dimensional_space,2026-05-22T03:02:53+00:00,15,0,1,14,0.0,0.067,0,0,0,0,1
Euclidean_space,Euclidean_space,2026-05-22T03:02:53+00:00,30,0,5,25,0.0,0.167,0,0,0,0,1
Euclidean_vector,Euclidean_vector,2026-05-22T03:02:53+00:00,48,1,25,22,0.021,0.542,0,0,0,0,2
Euclids_Elements,Euclids_Elements,2026-05-22T03:02:53+00:00,1,0,0,1,0.0,0.0,0,0,0,0,0
Eulers_constant,Eulers_constant,2026-05-22T03:02:53+00:00,58,0,4,54,0.0,0.069,0,0,0,0,1
Eulers_formula,Eulers_formula,2026-05-22T03:02:53+00:00,32,3,5,24,0.094,0.25,0,0,0,0,1
Eulers_totient_function,Eulers_totient_function,2026-05-22T03:02:53+00:00,3,0,1,2,0.0,0.333,0,0,0,0,1
Exponential_distribution,Exponential_distribution,2026-05-22T03:02:53+00:00,48,0,3,45,0.0,0.062,0,0,0,0,1
Exponential_growth,Exponential_growth,2026-05-22T03:02:53+00:00,13,0,3,10,0.0,0.231,0,0,0,0,2
Exponentiation,Exponentiation,2026-05-22T03:02:53+00:00,19,2,5,12,0.105,0.368,0,0,0,0,3
Exterior_algebra,Exterior_algebra,2026-05-22T03:02:53+00:00,12,0,3,9,0.0,0.25,0,0,0,0,1
Factorial,Factorial,2026-05-22T03:02:53+00:00,20,4,0,16,0.2,0.2,0,0,0,0,2
Fiber_bundle,Fiber_bundle,2026-05-22T03:02:53+00:00,4,1,2,1,0.25,0.75,0,0,0,0,1
Fibonacci_sequence,Fibonacci_sequence,2026-05-22T03:02:54+00:00,103,6,4,93,0.058,0.097,0,0,0,0,4
Field_mathematics,Field_mathematics,2026-05-22T03:02:54+00:00,1,0,0,1,0.0,0.0,0,0,0,0,0
Finite_difference,Finite_difference,2026-05-22T03:02:54+00:00,57,5,4,48,0.088,0.158,0,0,0,0,1
Finite_field,Finite_field,2026-05-22T03:02:54+00:00,34,0,5,29,0.0,0.147,0,0,0,0,1
Flat_module,Flat_module,2026-05-22T03:02:54+00:00,1,0,0,1,0.0,0.0,0,0,0,0,0
Fourier_transform,Fourier_transform,2026-05-22T03:02:54+00:00,128,4,6,118,0.031,0.078,0,0,0,0,2
Fractal_dimension,Fractal_dimension,2026-05-22T03:02:54+00:00,1,0,1,0,0.0,1.0,0,0,0,0,1
Fundamental_group,Fundamental_group,2026-05-22T03:02:54+00:00,7,1,0,6,0.143,0.143,0,0,0,0,1
Fundamental_theorem_of_algebra,Fundamental_theorem_of_algebra,2026-05-22T03:02:54+00:00,2,0,1,1,0.0,0.5,0,0,0,0,1
Gamma_distribution,Gamma_distribution,2026-05-22T03:02:54+00:00,65,2,6,57,0.031,0.123,0,0,0,0,1
Gamma_function,Gamma_function,2026-05-22T03:02:54+00:00,130,4,6,120,0.031,0.077,0,0,0,0,1
Gaussian_elimination,Gaussian_elimination,2026-05-22T03:02:54+00:00,9,0,2,7,0.0,0.222,0,0,0,0,1
Golden_ratio,Golden_ratio,2026-05-22T03:02:54+00:00,40,2,5,33,0.05,0.175,0,0,0,0,1
Group_mathematics,Group_mathematics,2026-05-22T03:02:55+00:00,15,0,2,13,0.0,0.133,0,0,0,0,1
Haar_measure,Haar_measure,2026-05-22T03:02:55+00:00,13,0,7,6,0.0,0.538,0,0,0,0,1
Harmonic_function,Harmonic_function,2026-05-22T03:02:55+00:00,21,3,2,16,0.143,0.238,0,0,0,0,1
Hilbert_space,Hilbert_space,2026-05-22T03:02:55+00:00,123,3,15,105,0.024,0.146,0,0,0,0,3
Homeomorphism,Homeomorphism,2026-05-22T03:02:55+00:00,1,0,0,1,0.0,0.0,0,0,0,0,0
Inner_product_space,Inner_product_space,2026-05-22T03:02:55+00:00,37,1,5,31,0.027,0.162,0,0,0,0,1
Integer_factorization,Integer_factorization,2026-05-22T03:02:55+00:00,1,0,0,1,0.0,0.0,0,0,0,0,0
Integral,Integral,2026-05-22T03:02:55+00:00,10,0,2,8,0.0,0.2,0,0,0,0,1
Inverse_trigonometric_functions,Inverse_trigonometric_functions,2026-05-22T03:02:55+00:00,20,0,7,13,0.0,0.35,0,0,0,0,2
Invertible_matrix,Invertible_matrix,2026-05-22T03:02:55+00:00,8,1,0,7,0.125,0.125,0,0,0,0,1
Lagrange_multiplier,Lagrange_multiplier,2026-05-22T03:02:55+00:00,49,6,3,40,0.122,0.184,0,0,0,0,1
Lagranges_theorem_group_theory,Lagranges_theorem_group_theory,2026-05-22T03:02:55+00:00,2,1,0,1,0.5,0.5,0,0,0,0,1
Laplaces_equation,Laplaces_equation,2026-05-22T03:02:55+00:00,83,4,2,77,0.048,0.072,0,0,0,0,2
Lattice_order,Lattice_order,2026-05-22T03:02:55+00:00,17,2,7,8,0.118,0.529,0,0,0,0,1
Lebesgue_integral,Lebesgue_integral,2026-05-22T03:02:55+00:00,38,4,17,17,0.105,0.553,0,0,0,0,4
Lie_group,Lie_group,2026-05-22T03:02:55+00:00,3,0,0,3,0.0,0.0,0,0,0,0,0
Limit_inferior_and_limit_superior,Limit_inferior_and_limit_superior,2026-05-22T03:02:56+00:00,29,2,15,12,0.069,0.586,0,0,0,0,1
Logarithm,Logarithm,2026-05-22T03:02:56+00:00,48,2,19,27,0.042,0.438,0,0,0,0,3
Lowenheim-Skolem_theorem,Lowenheim-Skolem_theorem,2026-05-22T03:02:56+00:00,5,0,1,4,0.0,0.2,0,0,0,0,1
Lp_space,Lp_space,2026-05-22T03:02:56+00:00,70,6,13,51,0.086,0.271,0,0,0,0,2
Markov_chain,Markov_chain,2026-05-22T03:02:56+00:00,4,0,2,2,0.0,0.5,0,0,0,0,2
Mathematical_induction,Mathematical_induction,2026-05-22T03:02:56+00:00,15,2,3,10,0.133,0.333,0,0,0,0,1
Matrix_mathematics,Matrix_mathematics,2026-05-22T03:02:56+00:00,53,3,11,39,0.057,0.264,0,0,0,0,3
Matrix_multiplication,Matrix_multiplication,2026-05-22T03:02:56+00:00,8,1,3,4,0.125,0.5,0,0,0,0,1
Metric_space,Metric_space,2026-05-22T03:02:56+00:00,31,2,3,26,0.065,0.161,0,0,0,0,2
Metric_tensor,Metric_tensor,2026-05-22T03:02:56+00:00,6,2,2,2,0.333,0.667,0,0,0,0,2
Mobius_transformation,Mobius_transformation,2026-05-22T03:02:56+00:00,78,1,13,64,0.013,0.179,0,0,0,0,2
Negative_number,Negative_number,2026-05-22T03:02:56+00:00,1,0,1,0,0.0,1.0,0,0,0,0,1
Normal_distribution,Normal_distribution,2026-05-22T03:02:56+00:00,96,4,8,84,0.042,0.125,0,0,0,0,1
Number,Number,2026-05-22T03:02:56+00:00,1,0,0,1,0.0,0.0,0,0,0,0,0
Ordinary_differential_equation,Ordinary_differential_equation,2026-05-22T03:02:56+00:00,10,0,2,8,0.0,0.2,0,0,0,0,1
Pi,Pi,2026-05-22T03:02:57+00:00,69,0,2,67,0.0,0.029,0,0,0,0,1
Prime_number,Prime_number,2026-05-22T03:02:57+00:00,1,0,0,1,0.0,0.0,0,0,0,0,0
Probability,Probability,2026-05-22T03:02:57+00:00,8,0,0,8,0.0,0.0,0,0,0,0,0
Product_mathematics,Product_mathematics,2026-05-22T03:02:57+00:00,1,1,0,0,1.0,1.0,0,0,0,0,1
Representation_theory,Representation_theory,2026-05-22T03:02:57+00:00,11,1,5,5,0.091,0.545,0,0,0,0,2
Riemann_hypothesis,Riemann_hypothesis,2026-05-22T03:02:57+00:00,17,0,2,15,0.0,0.118,0,0,0,0,1
Ring_mathematics,Ring_mathematics,2026-05-22T03:02:57+00:00,7,0,0,7,0.0,0.0,0,0,0,0,0
Set_mathematics,Set_mathematics,2026-05-22T03:02:57+00:00,30,2,2,26,0.067,0.133,0,0,0,0,1
Sheaf_mathematics,Sheaf_mathematics,2026-05-22T03:02:57+00:00,29,2,4,23,0.069,0.207,0,0,0,0,2
Sphere,Sphere,2026-05-22T03:02:57+00:00,1,0,0,1,0.0,0.0,0,0,0,0,0
Square_root,Square_root,2026-05-22T03:02:57+00:00,24,1,0,23,0.042,0.042,0,0,0,0,1
Standard_deviation,Standard_deviation,2026-05-22T03:02:57+00:00,53,0,15,38,0.0,0.283,0,0,0,0,1
Stochastic_process,Stochastic_process,2026-05-22T03:02:57+00:00,3,0,0,3,0.0,0.0,0,0,0,0,0
Subtraction,Subtraction,2026-05-22T03:02:58+00:00,1,0,0,1,0.0,0.0,0,0,0,0,0
Taylor_series,Taylor_series,2026-05-22T03:02:58+00:00,80,4,4,72,0.05,0.1,0,0,0,0,2
Trigonometric_functions,Trigonometric_functions,2026-05-22T03:02:58+00:00,74,0,3,71,0.0,0.041,0,0,0,0,1
Variance,Variance,2026-05-22T03:02:58+00:00,72,4,12,56,0.056,0.222,0,0,0,0,1
Vector_space,Vector_space,2026-05-22T03:02:58+00:00,38,1,1,36,0.026,0.053,0,0,0,0,2
Adjoint_functors,Adjoint_functors,2026-05-22T03:03:08+00:00,38,11,11,16,0.289,0.579,0,0,0,0,1
Law_of_cosines,Law_of_cosines,2026-05-22T03:03:08+00:00,51,13,6,32,0.255,0.373,0,0,0,0,1
Pythagorean_theorem,Pythagorean_theorem,2026-05-22T03:03:08+00:00,68,7,6,55,0.103,0.191,0,0,0,0,3
Quadratic_equation,Quadratic_equation,2026-05-22T03:03:08+00:00,57,7,11,39,0.123,0.316,0,0,0,0,1
0,0,2026-05-29T01:15:04+00:00,35,21,11,3,0.6,0.914,13,21,0,1,20
1,1,2026-05-29T01:15:04+00:00,20,10,5,5,0.5,0.75,13,4,2,1,10
2,2,2026-05-29T01:15:05+00:00,14,7,2,5,0.5,0.643,6,8,0,0,8
4,4,2026-05-29T01:15:05+00:00,17,2,4,11,0.118,0.353,4,10,2,1,5
5,5,2026-05-29T01:15:05+00:00,30,0,6,24,0.0,0.2,4,20,6,0,5
Abacus,Abacus,2026-05-29T01:15:05+00:00,20,0,7,13,0.0,0.35,9,4,0,7,2
Abelian_group,Abelian group,2026-05-29T01:15:05+00:00,59,38,4,17,0.644,0.712,13,25,12,9,26
Algebraic_K-theory,Algebraic K-theory,2026-05-29T01:15:05+00:00,102,1,9,92,0.01,0.098,37,19,36,10,8
Algebraic_geometry,Algebraic geometry,2026-05-29T01:15:06+00:00,68,16,19,33,0.235,0.515,35,17,8,8,15
Algebraic_number,Algebraic number,2026-05-29T01:15:06+00:00,33,19,7,7,0.576,0.788,6,14,2,11,14
Algebraic_number_theory,Algebraic number theory,2026-05-29T01:15:06+00:00,56,32,13,11,0.571,0.804,26,4,17,9,30
Algebraic_topology,Algebraic topology,2026-05-29T01:15:06+00:00,27,11,3,13,0.407,0.519,10,5,10,2,12
Algebraic_variety,Algebraic variety,2026-05-29T01:15:06+00:00,54,6,28,20,0.111,0.63,31,4,3,16,18
Algorithm,Algorithm,2026-05-29T01:15:06+00:00,50,1,7,42,0.02,0.16,35,6,0,9,7
American_Mathematics_Competitions,American Mathematics Competitions,2026-05-29T01:15:06+00:00,7,0,0,7,0.0,0.0,2,0,0,5,0
Analysis_of_algorithms,Analysis of algorithms,2026-05-29T01:15:06+00:00,18,1,5,12,0.056,0.333,8,3,0,7,3
Ancient_Greek_mathematics,Ancient Greek mathematics,2026-05-29T01:15:07+00:00,34,9,6,19,0.265,0.441,14,8,11,1,13
Angle,Angle,2026-05-29T01:15:07+00:00,55,11,15,29,0.2,0.473,41,6,6,2,8
Arithmetic,Arithmetic,2026-05-29T01:15:07+00:00,92,42,11,39,0.457,0.576,54,25,3,10,19
Atiyah-Singer_index_theorem,Atiyah–Singer index theorem,2026-05-29T01:15:07+00:00,38,2,0,36,0.053,0.053,12,8,16,2,2
Axiom,Axiom,2026-05-29T01:15:07+00:00,37,4,5,28,0.108,0.243,13,2,8,14,5
Banach_fixed-point_theorem,Banach fixed-point theorem,2026-05-29T01:15:07+00:00,16,7,2,7,0.438,0.562,2,12,0,2,6
Bayes_theorem,Bayes' theorem,2026-05-29T01:15:07+00:00,29,12,4,13,0.414,0.552,12,6,6,5,4
Bezier_curve,Bézier curve,2026-05-29T01:15:08+00:00,48,3,11,34,0.062,0.292,14,28,0,6,2
Bijection_injection_and_surjection,"Bijection, injection and surjection",2026-05-29T01:15:08+00:00,24,22,1,1,0.917,0.958,8,14,0,2,12
Binary_search_tree,Binary search tree,2026-05-29T01:15:08+00:00,24,0,16,8,0.0,0.667,9,12,0,3,3
Binomial_distribution,Binomial distribution,2026-05-29T01:15:08+00:00,55,7,9,39,0.127,0.291,9,35,7,4,8
Boolean_algebra_structure,Boolean algebra (structure),2026-05-29T01:15:08+00:00,44,25,5,14,0.568,0.682,14,17,4,9,17
Brouwer_fixed-point_theorem,Brouwer fixed-point theorem,2026-05-29T01:15:08+00:00,31,1,1,29,0.032,0.065,4,6,13,8,2
C-algebra,C*-algebra,2026-05-29T01:15:08+00:00,45,17,9,19,0.378,0.578,20,15,5,5,18
Calculus_of_variations,Calculus of variations,2026-05-29T01:15:09+00:00,47,0,11,36,0.0,0.234,23,11,9,4,7
Cantors_diagonal_argument,Cantor's diagonal argument,2026-05-29T01:15:09+00:00,22,9,4,9,0.409,0.591,4,8,9,1,6
Cardinality,Cardinality,2026-05-29T01:15:09+00:00,119,73,18,28,0.613,0.765,48,31,25,15,30
Cardinality_of_the_continuum,Cardinality of the continuum,2026-05-29T01:15:09+00:00,25,14,8,3,0.56,0.88,6,12,5,2,9
Category_mathematics,Category (mathematics),2026-05-29T01:15:09+00:00,57,47,8,2,0.825,0.965,37,5,0,15,36
Cayley-Hamilton_theorem,Cayley–Hamilton theorem,2026-05-29T01:15:10+00:00,42,11,9,22,0.262,0.476,2,28,1,11,9
Center_squeeze,Center squeeze,2026-05-29T01:15:10+00:00,21,0,0,21,0.0,0.0,4,5,1,11,0
Chaos_theory,Chaos theory,2026-05-29T01:15:10+00:00,44,1,7,36,0.023,0.182,19,13,4,8,5
Chern_class,Chern class,2026-05-29T01:15:10+00:00,59,0,3,56,0.0,0.051,19,22,9,9,2
Chinese_remainder_theorem,Chinese remainder theorem,2026-05-29T01:15:10+00:00,30,17,5,8,0.567,0.733,1,11,12,6,8
Classical_mechanics,Classical mechanics,2026-05-29T01:15:10+00:00,32,0,4,28,0.0,0.125,18,7,4,3,4
Combinatorial_design,Combinatorial design,2026-05-29T01:15:11+00:00,55,2,1,52,0.036,0.055,27,14,4,10,1
Complete_metric_space,Complete metric space,2026-05-29T01:15:11+00:00,56,41,2,13,0.732,0.768,16,29,0,11,20
Computable_function,Computable function,2026-05-29T01:15:11+00:00,34,13,8,13,0.382,0.618,19,9,2,4,8
Computational_complexity_theory,Computational complexity theory,2026-05-29T01:15:11+00:00,45,3,12,30,0.067,0.333,26,7,4,8,11
Conjecture,Conjecture,2026-05-29T01:15:12+00:00,33,5,1,27,0.152,0.182,9,4,11,9,4
Continuum_hypothesis,Continuum hypothesis,2026-05-29T01:15:12+00:00,24,6,4,14,0.25,0.417,4,8,12,0,5
Control_theory,Control theory,2026-05-29T01:15:12+00:00,41,0,0,41,0.0,0.0,35,2,1,3,0
Convex_set,Convex set,2026-05-29T01:15:12+00:00,67,36,11,20,0.537,0.701,27,28,4,8,20
Conways_Game_of_Life,Conway's Game of Life,2026-05-29T01:15:12+00:00,52,0,5,47,0.0,0.096,26,10,5,11,3
Cook-Levin_theorem,Cook–Levin theorem,2026-05-29T01:15:12+00:00,16,0,1,15,0.0,0.062,3,7,6,0,1
Countable_set,Countable set,2026-05-29T01:15:12+00:00,39,32,3,4,0.821,0.897,12,6,14,7,14
Coxeter_group,Coxeter group,2026-05-29T01:15:13+00:00,39,7,8,24,0.179,0.385,13,15,4,7,4
Cryptography,Cryptography,2026-05-29T01:15:13+00:00,52,0,0,52,0.0,0.0,35,7,3,7,0
Data_structure,Data structure,2026-05-29T01:15:13+00:00,13,0,2,11,0.0,0.154,2,3,0,8,2
De_Moivres_formula,De Moivre's formula,2026-05-29T01:15:13+00:00,21,7,7,7,0.333,0.667,2,9,7,3,4
Diffeomorphism,Diffeomorphism,2026-05-29T01:15:13+00:00,52,8,9,35,0.154,0.327,13,33,0,6,8
Difference_engine,Difference engine,2026-05-29T01:15:13+00:00,18,5,6,7,0.278,0.611,9,6,1,2,5
Differential_calculus,Differential calculus,2026-05-29T01:15:14+00:00,27,16,2,9,0.593,0.667,7,7,7,6,12
Differential_equation,Differential equation,2026-05-29T01:15:14+00:00,32,1,6,25,0.031,0.219,19,1,2,10,5
Differential_geometry,Differential geometry,2026-05-29T01:15:14+00:00,35,3,5,27,0.086,0.229,23,4,6,2,8
Differential_geometry_of_surfaces,Differential geometry of surfaces,2026-05-29T01:15:14+00:00,133,6,16,111,0.045,0.165,28,53,37,15,13
Dirac_equation,Dirac equation,2026-05-29T01:15:14+00:00,75,1,8,66,0.013,0.12,36,34,1,4,6
Directed_acyclic_graph,Directed acyclic graph,2026-05-29T01:15:14+00:00,52,2,10,40,0.038,0.231,24,15,4,9,9
Discrete_calculus,Discrete calculus,2026-05-29T01:15:15+00:00,60,18,16,26,0.3,0.567,34,15,8,3,15
Discrete_mathematics,Discrete mathematics,2026-05-29T01:15:15+00:00,28,1,8,19,0.036,0.321,21,1,3,3,9
Distribution_mathematical_analysis,Distribution (mathematical analysis),2026-05-29T01:15:15+00:00,75,27,18,30,0.36,0.6,37,19,11,8,15
Dual_space,Dual space,2026-05-29T01:15:15+00:00,66,31,12,23,0.47,0.652,20,34,3,9,16
Elementary_algebra,Elementary algebra,2026-05-29T01:15:15+00:00,55,13,10,32,0.236,0.418,21,13,3,18,10
Elliptic_curve,Elliptic curve,2026-05-29T01:15:15+00:00,84,23,12,49,0.274,0.417,23,39,13,9,10
Elliptic_geometry,Elliptic geometry,2026-05-29T01:15:16+00:00,45,1,7,37,0.022,0.178,22,19,3,1,3
Equality_mathematics,Equality (mathematics),2026-05-29T01:15:16+00:00,62,39,8,15,0.629,0.758,35,17,1,9,15
Erdos_number,Erdős number,2026-05-29T01:15:16+00:00,36,0,7,29,0.0,0.194,11,8,0,17,1
Euclidean_algorithm,Euclidean algorithm,2026-05-29T01:15:16+00:00,96,43,7,46,0.448,0.521,30,36,18,12,20
Euclidean_geometry,Euclidean geometry,2026-05-29T01:15:16+00:00,36,18,5,13,0.5,0.639,15,7,14,0,13
Exponential_function,Exponential function,2026-05-29T01:15:17+00:00,58,29,8,21,0.5,0.638,19,29,5,5,13
Fibred_category,Fibred category,2026-05-29T01:15:17+00:00,44,10,11,23,0.227,0.477,18,11,2,13,10
Fields_Medal,Fields Medal,2026-05-29T01:15:17+00:00,1,0,1,0,0.0,1.0,0,0,1,0,1
First-order_logic,First-order logic,2026-05-29T01:15:18+00:00,95,28,19,48,0.295,0.495,57,25,6,7,9
Fluid_mechanics,Fluid mechanics,2026-05-29T01:15:18+00:00,22,0,0,22,0.0,0.0,15,4,1,2,0
Formula,Formula,2026-05-29T01:15:18+00:00,10,3,1,6,0.3,0.4,6,0,0,4,3
Four_color_theorem,Four color theorem,2026-05-29T01:15:18+00:00,49,2,0,47,0.041,0.041,13,15,16,5,2
Fourier_analysis,Fourier analysis,2026-05-29T01:15:18+00:00,28,11,4,13,0.393,0.536,11,9,6,2,8
Fractal,Fractal,2026-05-29T01:15:18+00:00,32,4,7,21,0.125,0.344,21,6,0,5,5
Functor,Functor,2026-05-29T01:15:18+00:00,33,24,4,5,0.727,0.848,8,4,0,21,16
Game_theory,Game theory,2026-05-29T01:15:19+00:00,61,1,2,58,0.016,0.049,36,10,5,10,2
General_relativity,General relativity,2026-05-29T01:15:19+00:00,62,0,2,60,0.0,0.032,28,21,9,4,2
General_topology,General topology,2026-05-29T01:15:19+00:00,111,90,5,16,0.811,0.856,48,43,6,14,43
Geodesic,Geodesic,2026-05-29T01:15:19+00:00,56,2,6,48,0.036,0.143,19,23,5,9,4
Geometric_group_theory,Geometric group theory,2026-05-29T01:15:19+00:00,30,6,4,20,0.2,0.333,6,0,3,21,10
Geometry,Geometry,2026-05-29T01:15:19+00:00,43,10,14,19,0.233,0.558,32,2,6,3,15
Godels_incompleteness_theorems,Gödel's incompleteness theorems,2026-05-29T01:15:20+00:00,66,3,10,53,0.045,0.197,12,18,15,21,9
Graph_coloring,Graph coloring,2026-05-29T01:15:20+00:00,157,13,8,136,0.083,0.134,66,58,26,7,7
Graph_drawing,Graph drawing,2026-05-29T01:15:20+00:00,38,0,4,34,0.0,0.105,20,3,1,14,4
Graph_minor,Graph minor,2026-05-29T01:15:20+00:00,51,0,8,43,0.0,0.157,14,22,13,2,3
Graph_theory,Graph theory,2026-05-29T01:15:20+00:00,88,12,15,61,0.136,0.307,66,0,19,3,19
Greatest_common_divisor,Greatest common divisor,2026-05-29T01:15:20+00:00,58,33,4,21,0.569,0.638,9,40,4,5,12
Group_action,Group action,2026-05-29T01:15:20+00:00,78,43,18,17,0.551,0.782,36,12,2,28,29
Group_representation,Group representation,2026-05-29T01:15:21+00:00,25,15,3,7,0.6,0.72,16,2,1,6,12
Hausdorff_space,Hausdorff space,2026-05-29T01:15:21+00:00,39,26,8,5,0.667,0.872,4,27,3,5,10
Hilberts_problems,Hilbert's problems,2026-05-29T01:15:21+00:00,14,2,3,9,0.143,0.357,1,3,10,0,5
History_of_algebra,History of algebra,2026-05-29T01:15:21+00:00,56,15,10,31,0.268,0.446,16,18,7,15,18
History_of_geometry,History of geometry,2026-05-29T01:15:21+00:00,26,1,10,15,0.038,0.423,7,11,6,2,7
History_of_mathematical_notation,History of mathematical notation,2026-05-29T01:15:21+00:00,47,6,7,34,0.128,0.277,31,2,4,10,13
History_of_mathematics,History of mathematics,2026-05-29T01:15:21+00:00,111,39,28,44,0.351,0.604,35,12,51,13,44
History_of_the_function_concept,History of the function concept,2026-05-29T01:15:22+00:00,49,8,18,23,0.163,0.531,38,1,3,7,14
Holonomy,Holonomy,2026-05-29T01:15:22+00:00,37,0,2,35,0.0,0.054,11,16,10,0,1
Hom_functor,Hom functor,2026-05-29T01:15:22+00:00,20,17,1,2,0.85,0.9,12,7,1,0,8
Homological_algebra,Homological algebra,2026-05-29T01:15:22+00:00,26,21,5,0,0.808,1.0,18,4,3,1,16
Homomorphism,Homomorphism,2026-05-29T01:15:22+00:00,58,38,12,8,0.655,0.862,29,17,2,10,26
Hyperbola,Hyperbola,2026-05-29T01:15:22+00:00,92,0,4,88,0.0,0.043,27,50,5,10,3
Indian_mathematics,Indian mathematics,2026-05-29T01:15:22+00:00,58,27,8,23,0.466,0.603,9,33,12,4,24
Information_theory,Information theory,2026-05-29T01:15:22+00:00,33,4,6,23,0.121,0.303,12,17,1,3,4
Integer,Integer,2026-05-29T01:15:23+00:00,48,25,7,16,0.521,0.667,14,26,5,3,21
Interpolation,Interpolation,2026-05-29T01:15:23+00:00,35,4,5,26,0.114,0.257,23,3,4,5,4
Introduction_to_gauge_theory,Introduction to gauge theory,2026-05-29T01:15:23+00:00,30,4,0,26,0.133,0.133,12,10,0,8,3
Introduction_to_general_relativity,Introduction to general relativity,2026-05-29T01:15:23+00:00,36,0,1,35,0.0,0.028,14,13,3,6,1
Jordan_normal_form,Jordan normal form,2026-05-29T01:15:23+00:00,60,10,14,36,0.167,0.4,20,23,12,5,14
Kerala_school_of_astronomy_and_mathematics,Kerala school of astronomy and mathematics,2026-05-29T01:15:23+00:00,9,5,2,2,0.556,0.778,0,5,2,2,6
Kinematics,Kinematics,2026-05-29T01:15:23+00:00,71,2,14,55,0.028,0.225,43,23,0,5,7
Kinetic_energy,Kinetic energy,2026-05-29T01:15:24+00:00,33,0,0,33,0.0,0.0,13,16,2,2,0
Knot_theory,Knot theory,2026-05-29T01:15:24+00:00,53,0,4,49,0.0,0.075,30,16,5,2,2
Krull_dimension,Krull dimension,2026-05-29T01:15:24+00:00,43,21,7,15,0.488,0.651,12,21,1,9,14
Lambert_W_function,Lambert W function,2026-05-29T01:15:24+00:00,73,0,0,73,0.0,0.0,4,54,3,12,0
Laplace_transform,Laplace transform,2026-05-29T01:15:24+00:00,54,1,22,31,0.019,0.426,12,20,11,11,8
Least_squares,Least squares,2026-05-29T01:15:24+00:00,29,0,5,24,0.0,0.172,12,14,1,2,3
Linear_equation,Linear equation,2026-05-29T01:15:25+00:00,25,1,16,8,0.04,0.68,11,14,0,0,5
Linear_programming,Linear programming,2026-05-29T01:15:25+00:00,49,1,5,43,0.02,0.122,18,23,4,4,5
Linear_regression,Linear regression,2026-05-29T01:15:25+00:00,44,0,3,41,0.0,0.068,33,7,1,3,2
Logic,Logic,2026-05-29T01:15:25+00:00,88,3,20,65,0.034,0.261,62,6,0,20,8
Margin_of_error,Margin of error,2026-05-29T01:15:25+00:00,23,0,4,19,0.0,0.174,6,12,1,4,3
Mathematical_logic,Mathematical logic,2026-05-29T01:15:26+00:00,83,15,14,54,0.181,0.349,31,7,35,10,20
Mathematical_optimization,Mathematical optimization,2026-05-29T01:15:26+00:00,59,9,11,39,0.153,0.339,41,8,5,5,10
Mathematical_physics,Mathematical physics,2026-05-29T01:15:26+00:00,22,6,1,15,0.273,0.318,13,2,7,0,7
Mathematician,Mathematician,2026-05-29T01:15:26+00:00,3,0,0,3,0.0,0.0,3,0,0,0,0
Mathematics,Mathematics,2026-05-29T01:15:26+00:00,46,6,17,23,0.13,0.5,35,2,6,3,22
Maximum_likelihood_estimation,Maximum likelihood estimation,2026-05-29T01:15:26+00:00,65,1,15,49,0.015,0.246,25,27,5,8,13
Maxwells_equations,Maxwell's equations,2026-05-29T01:15:26+00:00,61,2,5,54,0.033,0.115,28,22,4,7,4
Mean,Mean,2026-05-29T01:15:26+00:00,25,6,8,11,0.24,0.56,19,1,0,5,5
Median,Median,2026-05-29T01:15:27+00:00,68,1,6,61,0.015,0.103,26,22,10,10,7
Minkowski_space,Minkowski space,2026-05-29T01:15:27+00:00,74,3,25,46,0.041,0.378,49,18,3,4,11
Mobius_strip,Möbius strip,2026-05-29T01:15:27+00:00,66,0,2,64,0.0,0.03,15,25,20,6,2
Model_theory,Model theory,2026-05-29T01:15:27+00:00,112,32,21,59,0.286,0.473,46,25,22,19,18
Module_mathematics,Module (mathematics),2026-05-29T01:15:27+00:00,48,35,6,7,0.729,0.854,32,4,0,12,32
Monte_Carlo_method,Monte Carlo method,2026-05-29T01:15:27+00:00,19,1,4,14,0.053,0.263,11,4,1,3,5
Nash_equilibrium,Nash equilibrium,2026-05-29T01:15:27+00:00,56,0,1,55,0.0,0.018,17,13,13,13,1
Navier-Stokes_equations,Navier–Stokes equations,2026-05-29T01:15:28+00:00,73,0,1,72,0.0,0.014,28,29,2,14,1
Nicolas_Bourbaki,Nicolas Bourbaki,2026-05-29T01:15:28+00:00,7,4,1,2,0.571,0.714,5,1,0,1,5
Non-Euclidean_geometry,Non-Euclidean geometry,2026-05-29T01:15:28+00:00,45,2,8,35,0.044,0.222,19,12,5,9,7
Nondeterministic_finite_automaton,Nondeterministic finite automaton,2026-05-29T01:15:28+00:00,38,23,4,11,0.605,0.711,12,19,5,2,3
Number_theory,Number theory,2026-05-29T01:15:28+00:00,64,37,7,20,0.578,0.688,48,4,7,5,26
Numerical_analysis,Numerical analysis,2026-05-29T01:15:28+00:00,29,2,6,21,0.069,0.276,16,3,0,10,7
Numerical_digit,Numerical digit,2026-05-29T01:15:28+00:00,19,2,8,9,0.105,0.526,11,3,0,5,4
Numerical_integration,Numerical integration,2026-05-29T01:15:28+00:00,33,2,7,24,0.061,0.273,19,10,3,1,5
Numerical_methods_for_ordinary_differential_equations,Numerical methods for ordinary differential equations,2026-05-29T01:15:29+00:00,37,1,1,35,0.027,0.054,27,4,1,5,2
Operator_mathematics,Operator (mathematics),2026-05-29T01:15:29+00:00,26,13,6,7,0.5,0.731,16,7,1,2,14
Order_of_magnitude,Order of magnitude,2026-05-29T01:15:29+00:00,25,0,6,19,0.0,0.24,10,7,0,8,4
Ordinal_number,Ordinal number,2026-05-29T01:15:29+00:00,82,52,11,19,0.634,0.768,40,27,9,6,25
Orthogonal_group,Orthogonal group,2026-05-29T01:15:29+00:00,101,18,8,75,0.178,0.257,28,58,7,8,13
Orthogonal_matrix,Orthogonal matrix,2026-05-29T01:15:29+00:00,68,12,23,33,0.176,0.515,9,34,7,18,14
P_versus_NP_problem,P versus NP problem,2026-05-29T01:15:29+00:00,53,1,11,41,0.019,0.226,25,11,9,8,7
Parabola,Parabola,2026-05-29T01:15:29+00:00,94,1,3,90,0.011,0.043,19,47,20,8,4
Parameter,Parameter,2026-05-29T01:15:29+00:00,37,5,3,29,0.135,0.216,21,1,0,15,8
Perfect_graph,Perfect graph,2026-05-29T01:15:30+00:00,83,9,6,68,0.108,0.181,37,14,25,7,10
Permutation,Permutation,2026-05-29T01:15:30+00:00,90,35,10,45,0.389,0.5,47,28,4,11,25
Perturbation_theory_quantum_mechanics,Perturbation theory (quantum mechanics),2026-05-29T01:15:30+00:00,52,0,0,52,0.0,0.0,15,26,3,8,0
Physics,Physics,2026-05-29T01:15:30+00:00,57,0,0,57,0.0,0.0,35,14,0,8,0
Picard-Lindelof_theorem,Picard–Lindelöf theorem,2026-05-29T01:15:30+00:00,18,9,2,7,0.5,0.611,2,13,0,3,4
Pigeonhole_principle,Pigeonhole principle,2026-05-29T01:15:30+00:00,34,18,16,0,0.529,1.0,1,19,4,10,8
Poisson_distribution,Poisson distribution,2026-05-29T01:15:30+00:00,84,6,3,75,0.071,0.107,9,56,4,15,2
Power_series,Power series,2026-05-29T01:15:31+00:00,52,32,10,10,0.615,0.808,14,22,7,9,22
Presentation_of_a_group,Presentation of a group,2026-05-29T01:15:31+00:00,31,5,11,15,0.161,0.516,12,11,5,3,9
Prime_ideal,Prime ideal,2026-05-29T01:15:31+00:00,75,36,15,24,0.48,0.68,13,42,6,14,24
Probability_density_function,Probability density function,2026-05-29T01:15:31+00:00,37,14,12,11,0.378,0.703,9,16,5,7,8
Probability_interpretations,Probability interpretations,2026-05-29T01:15:31+00:00,17,2,2,13,0.118,0.235,13,1,1,2,2
Probability_space,Probability space,2026-05-29T01:15:31+00:00,37,25,6,6,0.676,0.838,22,9,0,6,16
Probability_theory,Probability theory,2026-05-29T01:15:31+00:00,36,20,8,8,0.556,0.778,21,4,3,8,15
Projective_module,Projective module,2026-05-29T01:15:31+00:00,49,21,11,17,0.429,0.653,11,19,8,11,13
Projective_space,Projective space,2026-05-29T01:15:31+00:00,60,14,15,31,0.233,0.483,31,17,6,6,12
Propositional_logic,Propositional logic,2026-05-29T01:15:32+00:00,96,0,40,56,0.0,0.417,61,12,13,10,4
Pure_mathematics,Pure mathematics,2026-05-29T01:15:32+00:00,10,1,1,8,0.1,0.2,2,0,4,4,2
Quadratic_formula,Quadratic formula,2026-05-29T01:15:32+00:00,17,3,4,10,0.176,0.412,4,11,0,2,1
Quadratic_reciprocity,Quadratic reciprocity,2026-05-29T01:15:32+00:00,55,22,8,25,0.4,0.545,8,14,26,7,7
Quantum_electrodynamics,Quantum electrodynamics,2026-05-29T01:15:32+00:00,37,0,3,34,0.0,0.081,23,11,1,2,3
Quantum_field_theory,Quantum field theory,2026-05-29T01:15:32+00:00,51,0,2,49,0.0,0.039,33,2,7,9,2
Quantum_mechanics,Quantum mechanics,2026-05-29T01:15:32+00:00,59,0,12,47,0.0,0.203,26,20,6,7,9
Ramseys_theorem,Ramsey's theorem,2026-05-29T01:15:33+00:00,90,1,2,87,0.011,0.033,16,59,14,1,3
Randomness,Randomness,2026-05-29T01:15:33+00:00,21,0,8,13,0.0,0.381,9,3,3,6,6
Real_projective_line,Real projective line,2026-05-29T01:15:33+00:00,23,8,8,7,0.348,0.696,9,12,1,1,6
Ricci_calculus,Ricci calculus,2026-05-29T01:15:33+00:00,58,11,15,32,0.19,0.448,36,16,0,6,16
Riemann_sphere,Riemann sphere,2026-05-29T01:15:33+00:00,35,5,7,23,0.143,0.343,13,18,3,1,6
Riemann_surface,Riemann surface,2026-05-29T01:15:33+00:00,54,2,11,41,0.037,0.241,8,20,10,16,8
Riemann_zeta_function,Riemann zeta function,2026-05-29T01:15:33+00:00,90,21,12,57,0.233,0.367,15,34,31,10,11
Ring_theory,Ring theory,2026-05-29T01:15:33+00:00,50,22,7,21,0.44,0.58,18,11,14,7,22
Root_system,Root system,2026-05-29T01:15:34+00:00,81,19,30,32,0.235,0.605,22,45,2,12,14
Sampling_statistics,Sampling (statistics),2026-05-29T01:15:34+00:00,49,0,2,47,0.0,0.041,32,6,1,10,1
Scalar_field_theory,Scalar field theory,2026-05-29T01:15:34+00:00,50,0,3,47,0.0,0.06,30,15,1,4,3
Scientific_notation,Scientific notation,2026-05-29T01:15:34+00:00,33,0,8,25,0.0,0.242,12,12,0,9,3
Self-adjoint_operator,Self-adjoint operator,2026-05-29T01:15:34+00:00,75,20,6,49,0.267,0.347,20,27,18,10,15
Set_theory,Set theory,2026-05-29T01:15:34+00:00,34,16,6,12,0.471,0.647,27,1,3,3,14
Simplex,Simplex,2026-05-29T01:15:34+00:00,79,19,17,43,0.241,0.456,25,36,3,15,13
Simulated_annealing,Simulated annealing,2026-05-29T01:15:34+00:00,51,0,2,49,0.0,0.039,32,13,2,4,2
Singular_value_decomposition,Singular value decomposition,2026-05-29T01:15:35+00:00,68,6,17,45,0.088,0.338,25,33,6,4,6
Slide_rule,Slide rule,2026-05-29T01:15:35+00:00,33,5,13,15,0.152,0.545,6,20,1,6,9
Spacetime,Spacetime,2026-05-29T01:15:35+00:00,72,3,2,67,0.042,0.069,38,22,8,4,4
Spectral_sequence,Spectral sequence,2026-05-29T01:15:35+00:00,38,8,4,26,0.211,0.316,22,6,2,8,7
Spectral_theorem,Spectral theorem,2026-05-29T01:15:35+00:00,33,11,1,21,0.333,0.364,13,7,10,3,8
Spectral_theory,Spectral theory,2026-05-29T01:15:35+00:00,15,10,2,3,0.667,0.8,7,6,1,1,7
Spherical_coordinate_system,Spherical coordinate system,2026-05-29T01:15:35+00:00,53,1,15,37,0.019,0.302,22,30,0,1,7
Split-complex_number,Split-complex number,2026-05-29T01:15:35+00:00,47,0,12,35,0.0,0.255,13,26,4,4,9
Square,Square,2026-05-29T01:15:36+00:00,74,4,2,68,0.054,0.081,24,33,9,8,5
Square_root_of_2,Square root of 2,2026-05-29T01:15:36+00:00,45,12,13,20,0.267,0.556,3,12,11,19,11
Squaring_the_circle,Squaring the circle,2026-05-29T01:15:36+00:00,41,4,5,32,0.098,0.22,3,13,9,16,6
Standard_probability_space,Standard probability space,2026-05-29T01:15:36+00:00,39,4,15,20,0.103,0.487,14,16,4,5,5
Stationary_point,Stationary point,2026-05-29T01:15:36+00:00,24,6,4,14,0.25,0.417,11,5,1,7,7
Statistical_hypothesis_test,Statistical hypothesis test,2026-05-29T01:15:36+00:00,30,0,3,27,0.0,0.1,20,4,1,5,2
Statistics,Statistics,2026-05-29T01:15:36+00:00,58,0,7,51,0.0,0.121,51,2,0,5,4
Stirling_number,Stirling number,2026-05-29T01:15:36+00:00,28,4,11,13,0.143,0.536,9,16,2,1,7
Students_t-distribution,Student's t-distribution,2026-05-29T01:15:36+00:00,42,0,4,38,0.0,0.095,10,25,3,4,3
Students_t-test,Student's t-test,2026-05-29T01:15:37+00:00,37,0,2,35,0.0,0.054,10,19,2,6,2
Surface_topology,Surface (topology),2026-05-29T01:15:37+00:00,60,4,11,45,0.067,0.25,22,14,12,12,5
Surjective_function,Surjective function,2026-05-29T01:15:37+00:00,29,18,3,8,0.621,0.724,5,9,5,10,13
Symmetric_group,Symmetric group,2026-05-29T01:15:37+00:00,95,50,15,30,0.526,0.684,19,52,21,3,25
Symmetry_geometry,Symmetry (geometry),2026-05-29T01:15:37+00:00,40,2,16,22,0.05,0.45,29,7,2,2,10
Symmetry_in_mathematics,Symmetry in mathematics,2026-05-29T01:15:37+00:00,46,22,10,14,0.478,0.696,17,18,1,10,20
System_of_linear_equations,System of linear equations,2026-05-29T01:15:37+00:00,46,9,14,23,0.196,0.5,15,21,2,8,9
Tangent_bundle,Tangent bundle,2026-05-29T01:15:37+00:00,35,8,7,20,0.229,0.429,22,7,0,6,8
Tangent_space,Tangent space,2026-05-29T01:15:37+00:00,28,12,10,6,0.429,0.786,16,10,1,1,13
Taylors_theorem,Taylor's theorem,2026-05-29T01:15:38+00:00,40,25,8,7,0.625,0.825,12,19,5,4,11
Tessellation,Tessellation,2026-05-29T01:15:38+00:00,69,1,6,62,0.014,0.101,37,18,4,10,3
Theorem,Theorem,2026-05-29T01:15:38+00:00,33,6,6,21,0.182,0.364,22,1,3,7,8
Theoretical_computer_science,Theoretical computer science,2026-05-29T01:15:38+00:00,31,0,6,25,0.0,0.194,24,2,3,2,5
Theory_of_relativity,Theory of relativity,2026-05-29T01:15:38+00:00,25,0,0,25,0.0,0.0,7,18,0,0,0
Theta_function,Theta function,2026-05-29T01:15:38+00:00,87,14,7,66,0.161,0.241,19,54,6,8,9
Time_complexity,Time complexity,2026-05-29T01:15:38+00:00,48,1,4,43,0.021,0.104,29,5,0,14,1
Timeline_of_mathematics,Timeline of mathematics,2026-05-29T01:15:39+00:00,146,45,15,86,0.308,0.411,35,20,90,1,46
Topology,Topology,2026-05-29T01:15:39+00:00,39,18,5,16,0.462,0.59,27,2,5,5,14
Transcendental_number,Transcendental number,2026-05-29T01:15:39+00:00,82,9,16,57,0.11,0.305,3,23,47,9,8
Triangle_inequality,Triangle inequality,2026-05-29T01:15:39+00:00,35,17,4,14,0.486,0.6,3,14,11,7,13
Trigonometry,Trigonometry,2026-05-29T01:15:39+00:00,19,12,4,3,0.632,0.842,9,2,8,0,9
Turing_machine,Turing machine,2026-05-29T01:15:39+00:00,44,5,12,27,0.114,0.386,21,14,3,6,7
Type_I_and_type_II_errors,Type I and type II errors,2026-05-29T01:15:39+00:00,31,0,0,31,0.0,0.0,17,5,0,9,0
Vector_bundle,Vector bundle,2026-05-29T01:15:39+00:00,48,18,8,22,0.375,0.542,28,12,5,3,12
Vector_calculus,Vector calculus,2026-05-29T01:15:39+00:00,26,7,14,5,0.269,0.808,14,9,3,0,14
Von_Neumann_algebra,Von Neumann algebra,2026-05-29T01:15:40+00:00,95,4,14,77,0.042,0.189,34,23,24,14,8
Wave,Wave,2026-05-29T01:15:40+00:00,68,1,6,61,0.015,0.103,44,17,2,5,6
Wavelet,Wavelet,2026-05-29T01:15:40+00:00,54,1,5,48,0.019,0.111,33,10,2,9,6
Well-order,Well-order,2026-05-29T01:15:40+00:00,47,25,6,16,0.532,0.66,8,18,10,11,11
Winding_number,Winding number,2026-05-29T01:15:40+00:00,36,1,4,31,0.028,0.139,13,18,2,3,4
YBC_7289,YBC 7289,2026-05-29T01:15:40+00:00,7,0,2,5,0.0,0.286,0,0,0,7,2
Yang-Mills_theory,Yang–Mills theory,2026-05-29T01:15:40+00:00,31,0,3,28,0.0,0.097,11,12,6,2,3
Yuktibhasa,Yuktibhāṣā,2026-05-29T01:15:40+00:00,11,7,1,3,0.636,0.727,0,5,5,1,7
Zorns_lemma,Zorn's lemma,2026-05-29T01:15:40+00:00,38,23,4,11,0.605,0.711,8,7,22,1,14
Mathematical_model,Mathematical model,2026-05-29T03:24:40+00:00,35,1,2,32,0.029,0.086,22,1,0,12,2
Copula_statistics,Copula (statistics),2026-05-29T03:25:38+00:00,28,0,2,26,0.0,0.071,12,10,3,3,2
Structure_mathematical_logic,Structure (mathematical logic),2026-05-29T03:27:54+00:00,49,23,10,16,0.469,0.673,27,11,1,10,7
Abstract_algebra,Abstract algebra,2026-05-29T03:28:52+00:00,32,19,6,7,0.594,0.781,13,3,12,4,19
Big_O_notation,Big O notation,2026-05-29T03:30:36+00:00,56,29,10,17,0.518,0.696,22,16,2,16,12
Natural_logarithm,Natural logarithm,2026-05-29T03:32:24+00:00,37,21,4,12,0.568,0.676,7,23,0,7,8
Linear_algebra,Linear algebra,2026-05-29T03:33:28+00:00,67,50,10,7,0.746,0.896,40,13,12,2,41
Convolution,Convolution,2026-05-29T03:33:40+00:00,85,26,13,46,0.306,0.459,20,50,8,7,11
Absolute_value,Absolute value,2026-05-29T03:34:49+00:00,52,32,11,9,0.615,0.827,15,33,0,4,21
Multiplication,Multiplication,2026-05-29T03:36:57+00:00,57,41,4,12,0.719,0.789,24,24,2,7,20
Quantum_computing,Quantum computing,2026-05-29T03:37:39+00:00,42,0,3,39,0.0,0.071,19,15,5,3,2
Natural_number,Natural number,2026-05-29T03:39:07+00:00,53,40,6,7,0.755,0.868,31,19,2,1,20
Polygon,Polygon,2026-05-29T03:39:19+00:00,56,5,5,46,0.089,0.179,38,12,6,0,6
Least_common_multiple,Least common multiple,2026-05-29T03:39:45+00:00,34,16,6,12,0.471,0.647,9,16,2,7,10
Roman_numerals,Roman numerals,2026-05-29T03:42:26+00:00,51,0,0,51,0.0,0.0,23,8,0,20,0
Platonic_solid,Platonic solid,2026-05-29T03:44:25+00:00,64,0,2,62,0.0,0.031,21,33,7,3,2
Regular_language,Regular language,2026-05-29T03:44:43+00:00,33,2,8,23,0.061,0.303,7,14,7,5,5
Schrodinger_equation,Schrödinger equation,2026-05-29T03:45:31+00:00,59,2,11,46,0.034,0.22,21,30,3,5,9
String_theory,String theory,2026-05-29T03:45:33+00:00,78,4,4,70,0.051,0.103,34,25,13,6,8
Polynomial,Polynomial,2026-05-29T03:46:14+00:00,79,48,15,16,0.608,0.797,40,24,10,5,30
Velocity,Velocity,2026-05-29T03:46:23+00:00,42,0,10,32,0.0,0.238,23,17,1,1,6
Perfect_number,Perfect number,2026-05-29T03:51:25+00:00,52,9,3,40,0.173,0.231,11,28,6,7,4
Shors_algorithm,Shor's algorithm,2026-05-29T03:51:42+00:00,36,3,6,27,0.083,0.25,7,23,2,4,6
Tensor,Tensor,2026-05-29T03:52:56+00:00,55,13,9,33,0.236,0.4,31,12,0,12,13
Sequence,Sequence,2026-05-29T03:53:58+00:00,86,58,8,20,0.674,0.767,57,12,3,14,34
Bayesian_probability,Bayesian probability,2026-05-29T03:55:02+00:00,10,1,4,5,0.1,0.5,6,1,2,1,4
Lebesgue_measure,Lebesgue measure,2026-05-29T03:55:41+00:00,54,34,7,13,0.63,0.759,8,30,4,12,21
Real_analysis,Real analysis,2026-05-29T03:55:54+00:00,60,46,10,4,0.767,0.933,42,11,2,5,37
Subset,Subset,2026-05-29T03:56:11+00:00,30,19,3,8,0.633,0.733,9,15,0,6,7
Total_order,Total order,2026-05-29T03:56:48+00:00,50,38,10,2,0.76,0.96,21,12,5,12,31
Standard_Model,Standard Model,2026-05-29T03:57:37+00:00,26,0,3,23,0.0,0.115,18,8,0,0,2
Primitive_recursive_function,Primitive recursive function,2026-05-29T03:57:39+00:00,95,49,14,32,0.516,0.663,45,28,10,12,6
Distance,Distance,2026-05-29T03:59:05+00:00,27,12,7,8,0.444,0.704,20,2,0,5,11
Eulers_identity,Euler's identity,2026-05-29T03:59:28+00:00,16,11,4,1,0.688,0.938,6,8,2,0,9
Polytope,Polytope,2026-05-29T04:01:01+00:00,33,0,7,26,0.0,0.212,19,9,2,3,6
Context-free_grammar,Context-free grammar,2026-05-29T04:02:00+00:00,70,14,3,53,0.2,0.243,35,17,8,10,3
Mobius_function,Möbius function,2026-05-29T04:02:54+00:00,26,7,4,15,0.269,0.423,4,15,3,4,5
Magic_square,Magic square,2026-05-29T04:04:16+00:00,69,1,0,68,0.014,0.014,26,28,3,12,1
Lie_algebra,Lie algebra,2026-05-29T04:05:06+00:00,94,47,8,39,0.5,0.585,43,12,15,24,30
Hausdorff_dimension,Hausdorff dimension,2026-05-29T04:05:51+00:00,31,11,4,16,0.355,0.484,10,8,4,9,5
Monoid,Monoid,2026-05-29T04:08:19+00:00,66,42,10,14,0.636,0.788,27,14,2,23,33
Fermats_little_theorem,Fermat's little theorem,2026-05-29T04:08:22+00:00,17,6,4,7,0.353,0.588,2,7,5,3,5
Genus_mathematics,Genus (mathematics),2026-05-29T04:08:43+00:00,23,0,1,22,0.0,0.043,13,3,2,5,1
Fermats_Last_Theorem,Fermat's Last Theorem,2026-05-29T04:09:24+00:00,60,13,10,37,0.217,0.383,7,14,31,8,8
Hypercomplex_number,Hypercomplex number,2026-05-29T04:09:48+00:00,37,4,10,23,0.108,0.378,9,14,5,9,7
Quadrilateral,Quadrilateral,2026-05-29T04:09:54+00:00,127,2,9,116,0.016,0.087,45,64,18,0,8
Arithmetic_function,Arithmetic function,2026-05-29T04:10:55+00:00,74,36,7,31,0.486,0.581,40,21,10,3,23
Identity_function,Identity function,2026-05-29T04:12:07+00:00,15,11,4,0,0.733,1.0,5,10,0,0,10
Klein_bottle,Klein bottle,2026-05-29T04:13:51+00:00,28,0,0,28,0.0,0.0,3,15,6,4,0
